epoch,train_loss,inner_val_dice,learning_rate,epoch_seconds
1,0.4769301584986753,0.8460803291424602,0.0001,398.5657938281074
2,0.3909764939962431,0.8473000509195587,0.0001,325.2885920358822
3,0.31958030205826427,0.8739226190816789,0.0001,333.76519956067204
4,0.25599297777164814,0.8829798359854691,0.0001,339.66356005333364
5,0.2041991748089014,0.8929577293951495,0.0001,325.54329170659184
6,0.1637408926736477,0.8705737578625582,0.0001,334.45703918207437
7,0.13801149091748305,0.8997849027315775,0.0001,325.1787380501628
8,0.1189241721186527,0.9007049527298026,0.0001,334.9478421797976
9,0.10492444119827692,0.9050423884067406,0.0001,334.8535904465243
10,0.09657523815715036,0.8965061313035537,0.0001,335.1450536530465
11,0.08647963460101638,0.9067083078176796,0.0001,343.95703935809433
12,0.07971113476642343,0.9086121539680325,0.0001,622.8013295279816
13,0.07489690044245055,0.8998562484776893,0.0001,624.9203362604603
14,0.07528884520017823,0.9107468274174905,0.0001,633.5124162938446
15,0.06937652287441631,0.9037815875747577,0.0001,489.3652816573158
16,0.06817452120053213,0.9062418838342031,0.0001,333.06503911316395
17,0.06626430263872757,0.908774033898399,0.0001,332.73016887903214
18,0.06535416089518126,0.8936476652719536,0.0001,342.9893236933276
19,0.061858568323213,0.907453141650375,0.0001,335.68662400264293
20,0.05962377998024918,0.909149013814472,0.0001,341.3514928566292
