epoch,fold,train_loss,val_loss,pseudo_dice,new_best_ema,best_ema_so_far
1,1,-0.599,-0.7195,0.8366,0.8366000056266785,0.8366000056266785
2,1,-0.758,-0.812,0.8994,0.8428000211715698,0.8428000211715698
3,1,-0.8004,-0.8125,0.9046,0.8489999771118164,0.8489999771118164
4,1,-0.7959,-0.8066,0.8987,0.8539999723434448,0.8539999723434448
5,1,-0.8207,-0.8458,0.911,0.8597000241279602,0.8597000241279602
6,1,-0.8396,-0.8143,0.9065,0.8644000291824341,0.8644000291824341
7,1,-0.8227,-0.8259,0.9087,0.8687999844551086,0.8687999844551086
8,1,-0.8493,-0.8487,0.9184,0.8737999796867371,0.8737999796867371
9,1,-0.8262,-0.8483,0.922,0.878600001335144,0.878600001335144
10,1,-0.8474,-0.8008,0.8958,0.880299985408783,0.880299985408783
11,1,-0.8401,-0.7973,0.9043,0.8827000260353088,0.8827000260353088
12,1,-0.8354,-0.8342,0.9099,0.8853999972343445,0.8853999972343445
13,1,-0.8379,-0.8727,0.9299,0.8899000287055969,0.8899000287055969
14,1,-0.8534,-0.8275,0.9097,0.8919000029563904,0.8919000029563904
15,1,-0.8533,-0.8302,0.9102,0.8937000036239624,0.8937000036239624
16,1,-0.8512,-0.8552,0.9168,0.8960000276565552,0.8960000276565552
17,1,-0.8483,-0.87,0.9314,0.8995000123977661,0.8995000123977661
18,1,-0.8595,-0.8354,0.9129,0.9009000062942505,0.9009000062942505
19,1,-0.8818,-0.8618,0.9299,0.9038000106811523,0.9038000106811523
20,1,-0.8737,-0.855,0.922,0.9056000113487244,0.9056000113487244
21,1,-0.8587,-0.8674,0.9217,0.9071999788284302,0.9071999788284302
22,1,-0.8661,-0.8796,0.9328,0.9097999930381775,0.9097999930381775
23,1,-0.874,-0.8611,0.9222,0.9110000133514404,0.9110000133514404
24,1,-0.8635,-0.8625,0.9281,0.9126999974250793,0.9126999974250793
25,1,-0.873,-0.8787,0.9309,0.9144999980926514,0.9144999980926514
26,1,-0.8729,-0.879,0.9326,0.9162999987602234,0.9162999987602234
27,1,-0.8693,-0.8776,0.9308,0.9178000092506409,0.9178000092506409
28,1,-0.8724,-0.8703,0.9325,0.9193000197410583,0.9193000197410583
29,1,-0.8744,-0.8862,0.9381,0.9211000204086304,0.9211000204086304
30,1,-0.8724,-0.8752,0.9313,0.9222000241279602,0.9222000241279602
31,1,-0.8826,-0.8884,0.9339,0.92330002784729,0.92330002784729
32,1,-0.8734,-0.8668,0.9266,0.9236999750137329,0.9236999750137329
33,1,-0.8731,-0.8632,0.9348,0.9247999787330627,0.9247999787330627
34,1,-0.8764,-0.8841,0.9322,0.9254999756813049,0.9254999756813049
35,1,-0.8837,-0.88,0.9281,0.9258000254631042,0.9258000254631042
36,1,-0.8885,-0.8674,0.9327,0.9265000224113464,0.9265000224113464
37,1,-0.8814,-0.8879,0.9333,0.9271000027656555,0.9271000027656555
38,1,-0.8807,-0.8821,0.9359,0.9279999732971191,0.9279999732971191
39,1,-0.8811,-0.8595,0.926,,0.9279999732971191
40,1,-0.8864,-0.8727,0.9319,0.9282000064849854,0.9282000064849854
41,1,-0.8797,-0.908,0.9429,0.9297000169754028,0.9297000169754028
42,1,-0.8908,-0.8924,0.9354,0.9302999973297119,0.9302999973297119
43,1,-0.8943,-0.8817,0.9371,0.930899977684021,0.930899977684021
44,1,-0.893,-0.8783,0.9275,,0.930899977684021
45,1,-0.8913,-0.8917,0.9361,0.9311000108718872,0.9311000108718872
46,1,-0.8947,-0.8944,0.9381,0.9318000078201294,0.9318000078201294
47,1,-0.8918,-0.8347,0.9113,,0.9318000078201294
48,1,-0.8877,-0.8971,0.9466,,0.9318000078201294
49,1,-0.8896,-0.8728,0.9341,,0.9318000078201294
50,1,-0.8833,-0.8905,0.9373,0.9322999715805054,0.9322999715805054
51,1,-0.87,-0.8338,0.905,,0.9322999715805054
52,1,-0.8871,-0.8787,0.9346,,0.9322999715805054
53,1,-0.8878,-0.8829,0.933,,0.9322999715805054
54,1,-0.893,-0.8918,0.9377,,0.9322999715805054
55,1,-0.8947,-0.8769,0.9358,,0.9322999715805054
56,1,-0.8956,-0.8917,0.9353,,0.9322999715805054
57,1,-0.8941,-0.885,0.9349,,0.9322999715805054
58,1,-0.8871,-0.8733,0.9366,0.932699978351593,0.932699978351593
59,1,-0.8897,-0.8828,0.9414,0.9334999918937683,0.9334999918937683
60,1,-0.8941,-0.8932,0.9374,0.933899998664856,0.933899998664856
61,1,-0.8946,-0.8819,0.9304,,0.933899998664856
62,1,-0.8962,-0.8893,0.9375,0.9340000152587891,0.9340000152587891
63,1,-0.8875,-0.8913,0.9315,,0.9340000152587891
64,1,-0.8893,-0.8808,0.9357,,0.9340000152587891
65,1,-0.8932,-0.8876,0.9351,0.9340000152587891,0.9340000152587891
66,1,-0.8955,-0.894,0.9381,0.9344000220298767,0.9344000220298767
67,1,-0.9017,-0.879,0.9369,0.9347000122070312,0.9347000122070312
68,1,-0.9062,-0.8726,0.9278,,0.9347000122070312
69,1,-0.9009,-0.8955,0.9392,,0.9347000122070312
70,1,-0.9021,-0.8823,0.9385,0.9348999857902527,0.9348999857902527
71,1,-0.8979,-0.8928,0.9322,,0.9348999857902527
72,1,-0.8905,-0.9017,0.9428,0.9355000257492065,0.9355000257492065
73,1,-0.8956,-0.9026,0.9432,0.9362000226974487,0.9362000226974487
74,1,-0.9027,-0.8835,0.9316,,0.9362000226974487
75,1,-0.9007,-0.8913,0.9367,,0.9362000226974487
76,1,-0.8967,-0.9013,0.947,0.9369999766349792,0.9369999766349792
77,1,-0.8995,-0.8789,0.9338,,0.9369999766349792
78,1,-0.9024,-0.8978,0.9459,0.9376000165939331,0.9376000165939331
79,1,-0.9019,-0.892,0.9362,,0.9376000165939331
80,1,-0.8945,-0.8916,0.9419,0.9379000067710876,0.9379000067710876
81,1,-0.9072,-0.9029,0.9487,0.9390000104904175,0.9390000104904175
82,1,-0.8996,-0.8916,0.9413,0.9391999840736389,0.9391999840736389
83,1,-0.8991,-0.8772,0.9313,,0.9391999840736389
84,1,-0.8978,-0.8996,0.9443,,0.9391999840736389
85,1,-0.9044,-0.8888,0.9367,,0.9391999840736389
86,1,-0.9018,-0.9073,0.9442,0.939300000667572,0.939300000667572
87,1,-0.8962,-0.8948,0.9335,,0.939300000667572
88,1,-0.902,-0.9084,0.9456,0.9394000172615051,0.9394000172615051
89,1,-0.9107,-0.91,0.9476,0.9401999711990356,0.9401999711990356
90,1,-0.9088,-0.9004,0.9437,0.9405999779701233,0.9405999779701233
91,1,-0.9068,-0.9012,0.9475,0.9412999749183655,0.9412999749183655
92,1,-0.9073,-0.8987,0.941,,0.9412999749183655
93,1,-0.9021,-0.8982,0.9428,0.9413999915122986,0.9413999915122986
94,1,-0.9103,-0.8889,0.9371,,0.9413999915122986
95,1,-0.9054,-0.8992,0.939,,0.9413999915122986
96,1,-0.9132,-0.9102,0.9456,,0.9413999915122986
97,1,-0.9104,-0.8883,0.936,,0.9413999915122986
98,1,-0.9107,-0.8833,0.9341,,0.9413999915122986
99,1,-0.9076,-0.8914,0.9349,,0.9413999915122986
100,1,-0.9159,-0.9043,0.9387,,0.9413999915122986
1,2,-0.6224,-0.7613,0.8619,0.8618999719619751,0.8618999719619751
2,2,-0.7712,-0.7935,0.8822,0.8640000224113464,0.8640000224113464
3,2,-0.8007,-0.794,0.8912,0.8666999936103821,0.8666999936103821
4,2,-0.8086,-0.8423,0.9183,0.8719000220298767,0.8719000220298767
5,2,-0.8345,-0.8366,0.9037,0.875,0.875
6,2,-0.831,-0.8472,0.9123,0.8787999749183655,0.8787999749183655
7,2,-0.8432,-0.824,0.9039,0.8812999725341797,0.8812999725341797
8,2,-0.858,-0.8422,0.9124,0.8844000101089478,0.8844000101089478
9,2,-0.8602,-0.8265,0.9052,0.8865000009536743,0.8865000009536743
10,2,-0.841,-0.8573,0.9183,0.8896999955177307,0.8896999955177307
11,2,-0.8476,-0.8318,0.9067,0.8913999795913696,0.8913999795913696
12,2,-0.8552,-0.8519,0.9238,0.894599974155426,0.894599974155426
13,2,-0.8551,-0.8771,0.9257,0.8977000117301941,0.8977000117301941
14,2,-0.8548,-0.8473,0.9209,0.8999999761581421,0.8999999761581421
15,2,-0.8347,-0.8317,0.9076,0.9007999897003174,0.9007999897003174
16,2,-0.861,-0.8694,0.9266,0.9034000039100647,0.9034000039100647
17,2,-0.8686,-0.8469,0.9164,0.904699981212616,0.904699981212616
18,2,-0.858,-0.8831,0.9312,0.9072999954223633,0.9072999954223633
19,2,-0.8753,-0.8971,0.9402,0.9106000065803528,0.9106000065803528
20,2,-0.8629,-0.8241,0.9028,,0.9106000065803528
21,2,-0.879,-0.8951,0.9386,0.9126999974250793,0.9126999974250793
22,2,-0.8709,-0.8941,0.9343,0.914900004863739,0.914900004863739
23,2,-0.8674,-0.9137,0.9475,0.9180999994277954,0.9180999994277954
24,2,-0.8836,-0.8866,0.9329,0.9196000099182129,0.9196000099182129
25,2,-0.8782,-0.8457,0.9114,,0.9196000099182129
26,2,-0.8805,-0.8838,0.9246,,0.9196000099182129
27,2,-0.8832,-0.8933,0.9348,0.9208999872207642,0.9208999872207642
28,2,-0.8652,-0.8551,0.9174,,0.9208999872207642
29,2,-0.8886,-0.8543,0.9075,,0.9208999872207642
30,2,-0.8816,-0.8799,0.9224,,0.9208999872207642
31,2,-0.8801,-0.9098,0.9503,0.9225999712944031,0.9225999712944031
32,2,-0.8807,-0.8497,0.9127,,0.9225999712944031
33,2,-0.8912,-0.8775,0.9273,,0.9225999712944031
34,2,-0.8936,-0.8804,0.927,0.9226999878883362,0.9226999878883362
35,2,-0.8879,-0.9058,0.9453,0.9248999953269958,0.9248999953269958
36,2,-0.8909,-0.9001,0.9351,0.9259999990463257,0.9259999990463257
37,2,-0.8909,-0.884,0.9261,0.9259999990463257,0.9259999990463257
38,2,-0.8898,-0.8835,0.9289,0.9262999892234802,0.9262999892234802
39,2,-0.8866,-0.8967,0.9389,0.9275000095367432,0.9275000095367432
40,2,-0.892,-0.8576,0.9209,,0.9275000095367432
41,2,-0.8859,-0.9074,0.9396,0.9280999898910522,0.9280999898910522
42,2,-0.891,-0.8851,0.9327,0.928600013256073,0.928600013256073
43,2,-0.8865,-0.8852,0.9342,0.9291999936103821,0.9291999936103821
44,2,-0.8921,-0.9041,0.94,0.9301999807357788,0.9301999807357788
45,2,-0.8937,-0.8897,0.9345,0.9307000041007996,0.9307000041007996
46,2,-0.8893,-0.8942,0.9333,0.930899977684021,0.930899977684021
47,2,-0.8923,-0.8954,0.9364,0.9315000176429749,0.9315000176429749
48,2,-0.8883,-0.8983,0.9387,0.932200014591217,0.932200014591217
49,2,-0.8721,-0.9021,0.9377,0.932699978351593,0.932699978351593
50,2,-0.8915,-0.8869,0.9325,,0.932699978351593
51,2,-0.8929,-0.8928,0.9415,0.9336000084877014,0.9336000084877014
52,2,-0.8979,-0.8966,0.9342,0.9337000250816345,0.9337000250816345
53,2,-0.8956,-0.8944,0.928,,0.9337000250816345
54,2,-0.8962,-0.8917,0.9301,,0.9337000250816345
55,2,-0.8967,-0.8819,0.9282,,0.9337000250816345
56,2,-0.895,-0.8995,0.9394,,0.9337000250816345
57,2,-0.8976,-0.8716,0.9154,,0.9337000250816345
58,2,-0.8967,-0.8665,0.9201,,0.9337000250816345
59,2,-0.9067,-0.8845,0.942,,0.9337000250816345
60,2,-0.9024,-0.8816,0.9253,,0.9337000250816345
61,2,-0.9054,-0.8995,0.9383,,0.9337000250816345
62,2,-0.9029,-0.8812,0.9372,,0.9337000250816345
63,2,-0.901,-0.8934,0.9391,,0.9337000250816345
64,2,-0.8945,-0.881,0.9355,,0.9337000250816345
65,2,-0.8962,-0.8716,0.9255,,0.9337000250816345
66,2,-0.8962,-0.8847,0.9303,,0.9337000250816345
67,2,-0.8911,-0.8791,0.9243,,0.9337000250816345
68,2,-0.8996,-0.9011,0.9355,,0.9337000250816345
69,2,-0.8956,-0.92,0.9432,,0.9337000250816345
70,2,-0.9009,-0.9033,0.9418,0.9337999820709229,0.9337999820709229
71,2,-0.9017,-0.9292,0.9564,0.9359999895095825,0.9359999895095825
72,2,-0.9007,-0.9094,0.9446,0.9369000196456909,0.9369000196456909
73,2,-0.9019,-0.9179,0.9507,0.9383000135421753,0.9383000135421753
74,2,-0.9016,-0.8913,0.9288,,0.9383000135421753
75,2,-0.9011,-0.8767,0.9296,,0.9383000135421753
76,2,-0.9028,-0.8978,0.9419,,0.9383000135421753
77,2,-0.9008,-0.8698,0.9248,,0.9383000135421753
78,2,-0.9045,-0.8894,0.9258,,0.9383000135421753
79,2,-0.906,-0.9,0.9364,,0.9383000135421753
80,2,-0.9058,-0.8933,0.9392,,0.9383000135421753
81,2,-0.9067,-0.9016,0.9365,,0.9383000135421753
82,2,-0.9053,-0.8659,0.9259,,0.9383000135421753
83,2,-0.901,-0.8634,0.9185,,0.9383000135421753
84,2,-0.9027,-0.8719,0.9302,,0.9383000135421753
85,2,-0.9048,-0.9157,0.9516,,0.9383000135421753
86,2,-0.9103,-0.9066,0.9435,,0.9383000135421753
87,2,-0.9039,-0.8948,0.9361,,0.9383000135421753
88,2,-0.9088,-0.9094,0.9457,,0.9383000135421753
89,2,-0.9046,-0.9254,0.956,0.9384999871253967,0.9384999871253967
90,2,-0.9089,-0.8945,0.9381,,0.9384999871253967
91,2,-0.9023,-0.8796,0.9349,,0.9384999871253967
92,2,-0.9119,-0.8981,0.9381,,0.9384999871253967
93,2,-0.9105,-0.8989,0.9397,,0.9384999871253967
94,2,-0.9126,-0.8823,0.937,,0.9384999871253967
95,2,-0.9163,-0.9204,0.9547,0.9398000240325928,0.9398000240325928
96,2,-0.9098,-0.9072,0.9399,0.9398000240325928,0.9398000240325928
97,2,-0.9144,-0.8921,0.9397,,0.9398000240325928
98,2,-0.9134,-0.8709,0.9323,,0.9398000240325928
99,2,-0.9089,-0.8992,0.9417,,0.9398000240325928
100,2,-0.9149,-0.9114,0.9501,0.9404000043869019,0.9404000043869019
1,3,-0.6298,-0.7588,0.8402,0.8402000069618225,0.8402000069618225
2,3,-0.7466,-0.7728,0.8549,0.8416000008583069,0.8416000008583069
3,3,-0.7815,-0.7745,0.8664,0.8440999984741211,0.8440999984741211
4,3,-0.7911,-0.8046,0.8922,0.8489000201225281,0.8489000201225281
5,3,-0.8046,-0.7981,0.8655,0.850600004196167,0.850600004196167
6,3,-0.82,-0.8267,0.9023,0.8557000160217285,0.8557000160217285
7,3,-0.8315,-0.8445,0.9089,0.8611000180244446,0.8611000180244446
8,3,-0.8393,-0.85,0.9077,0.8657000064849854,0.8657000064849854
9,3,-0.8184,-0.8111,0.8883,0.8679999709129333,0.8679999709129333
10,3,-0.839,-0.8449,0.9053,0.8716999888420105,0.8716999888420105
11,3,-0.8379,-0.8095,0.8773,0.8723000288009644,0.8723000288009644
12,3,-0.845,-0.8359,0.9035,0.8754000067710876,0.8754000067710876
13,3,-0.863,-0.8357,0.9078,0.878600001335144,0.878600001335144
14,3,-0.8485,-0.8507,0.9138,0.8822000026702881,0.8822000026702881
15,3,-0.8586,-0.8529,0.9162,0.8855999708175659,0.8855999708175659
16,3,-0.8605,-0.8738,0.9202,0.8889999985694885,0.8889999985694885
17,3,-0.874,-0.8772,0.94,0.89410001039505,0.89410001039505
18,3,-0.863,-0.8628,0.9136,0.8960999846458435,0.8960999846458435
19,3,-0.8605,-0.8367,0.9006,0.8964999914169312,0.8964999914169312
20,3,-0.8578,-0.8123,0.886,,0.8964999914169312
21,3,-0.8603,-0.8279,0.9084,0.8967999815940857,0.8967999815940857
22,3,-0.8556,-0.8723,0.9236,0.8995000123977661,0.8995000123977661
23,3,-0.8508,-0.862,0.92,0.9014999866485596,0.9014999866485596
24,3,-0.8665,-0.8855,0.9264,0.9039999842643738,0.9039999842643738
25,3,-0.8766,-0.88,0.9287,0.906499981880188,0.906499981880188
26,3,-0.8718,-0.8651,0.9277,0.9085999727249146,0.9085999727249146
27,3,-0.8775,-0.8651,0.9188,0.909600019454956,0.909600019454956
28,3,-0.8841,-0.857,0.9136,0.9100000262260437,0.9100000262260437
29,3,-0.8811,-0.8683,0.9301,0.9120000004768372,0.9120000004768372
30,3,-0.8813,-0.8798,0.9317,0.9139999747276306,0.9139999747276306
31,3,-0.879,-0.8894,0.9362,0.9161999821662903,0.9161999821662903
32,3,-0.8832,-0.8535,0.9117,,0.9161999821662903
33,3,-0.8839,-0.8824,0.9316,0.9172999858856201,0.9172999858856201
34,3,-0.8905,-0.8456,0.9163,,0.9172999858856201
35,3,-0.8901,-0.8702,0.9233,0.9178000092506409,0.9178000092506409
36,3,-0.8831,-0.8227,0.8941,,0.9178000092506409
37,3,-0.8811,-0.8859,0.9291,,0.9178000092506409
38,3,-0.8919,-0.8797,0.9276,0.917900025844574,0.917900025844574
39,3,-0.8909,-0.897,0.9417,0.9203000068664551,0.9203000068664551
40,3,-0.8835,-0.8947,0.9386,0.9221000075340271,0.9221000075340271
41,3,-0.8935,-0.8749,0.9257,0.9225000143051147,0.9225000143051147
42,3,-0.8904,-0.8852,0.9316,0.9233999848365784,0.9233999848365784
43,3,-0.8798,-0.9044,0.9459,0.925599992275238,0.925599992275238
44,3,-0.8862,-0.8926,0.9382,0.9269000291824341,0.9269000291824341
45,3,-0.887,-0.8701,0.924,,0.9269000291824341
46,3,-0.8901,-0.9033,0.9477,0.9286999702453613,0.9286999702453613
47,3,-0.8966,-0.8867,0.9327,0.929099977016449,0.929099977016449
48,3,-0.8876,-0.8692,0.9153,,0.929099977016449
49,3,-0.899,-0.9,0.9402,,0.929099977016449
50,3,-0.8969,-0.878,0.928,,0.929099977016449
51,3,-0.8928,-0.8819,0.9359,0.9296000003814697,0.9296000003814697
52,3,-0.8923,-0.8337,0.9075,,0.9296000003814697
53,3,-0.8957,-0.8992,0.9388,,0.9296000003814697
54,3,-0.8935,-0.874,0.9244,,0.9296000003814697
55,3,-0.8964,-0.89,0.9359,,0.9296000003814697
56,3,-0.8997,-0.9031,0.9458,0.9305999875068665,0.9305999875068665
57,3,-0.894,-0.896,0.9419,0.9316999912261963,0.9316999912261963
58,3,-0.8968,-0.8857,0.931,,0.9316999912261963
59,3,-0.9019,-0.8864,0.9331,0.9318000078201294,0.9318000078201294
60,3,-0.8954,-0.8988,0.938,0.9323999881744385,0.9323999881744385
61,3,-0.8956,-0.8783,0.9209,,0.9323999881744385
62,3,-0.8956,-0.8753,0.9249,,0.9323999881744385
63,3,-0.8962,-0.9081,0.9411,,0.9323999881744385
64,3,-0.9059,-0.8839,0.9315,,0.9323999881744385
65,3,-0.8959,-0.8974,0.9373,,0.9323999881744385
66,3,-0.8918,-0.8896,0.9384,0.9327999949455261,0.9327999949455261
67,3,-0.9048,-0.9046,0.9404,0.9336000084877014,0.9336000084877014
68,3,-0.9009,-0.8605,0.9164,,0.9336000084877014
69,3,-0.8961,-0.8994,0.9343,,0.9336000084877014
70,3,-0.9076,-0.9015,0.9398,,0.9336000084877014
71,3,-0.8992,-0.8886,0.9309,,0.9336000084877014
72,3,-0.8964,-0.8882,0.9337,,0.9336000084877014
73,3,-0.9036,-0.9004,0.9435,0.933899998664856,0.933899998664856
74,3,-0.8892,-0.8782,0.9283,,0.933899998664856
75,3,-0.902,-0.8927,0.9416,0.9340999722480774,0.9340999722480774
76,3,-0.8974,-0.8922,0.9352,0.9341999888420105,0.9341999888420105
77,3,-0.9045,-0.8916,0.9374,0.9345999956130981,0.9345999956130981
78,3,-0.9103,-0.8992,0.9385,0.9350000023841858,0.9350000023841858
79,3,-0.9023,-0.9045,0.9469,0.9362000226974487,0.9362000226974487
80,3,-0.9025,-0.9122,0.9432,0.9369000196456909,0.9369000196456909
81,3,-0.9108,-0.8808,0.9342,,0.9369000196456909
82,3,-0.9109,-0.9064,0.9453,0.9375,0.9375
83,3,-0.8998,-0.8897,0.9359,,0.9375
84,3,-0.9059,-0.9097,0.9431,0.9379000067710876,0.9379000067710876
85,3,-0.904,-0.9065,0.9426,0.9383999705314636,0.9383999705314636
86,3,-0.9005,-0.9087,0.942,0.9387000203132629,0.9387000203132629
87,3,-0.9144,-0.9079,0.9423,0.9391000270843506,0.9391000270843506
88,3,-0.9075,-0.8916,0.9365,,0.9391000270843506
89,3,-0.916,-0.9046,0.9433,0.939300000667572,0.939300000667572
90,3,-0.9061,-0.9077,0.9431,0.9397000074386597,0.9397000074386597
91,3,-0.9089,-0.9153,0.9482,0.940500020980835,0.940500020980835
92,3,-0.9063,-0.9103,0.9444,0.9409000277519226,0.9409000277519226
93,3,-0.9136,-0.8991,0.9413,0.9409000277519226,0.9409000277519226
94,3,-0.913,-0.8905,0.9388,,0.9409000277519226
95,3,-0.9086,-0.9103,0.9459,0.9412000179290771,0.9412000179290771
96,3,-0.9116,-0.912,0.9496,0.9420999884605408,0.9420999884605408
97,3,-0.91,-0.9088,0.9445,0.942300021648407,0.942300021648407
98,3,-0.9189,-0.9001,0.9413,,0.942300021648407
99,3,-0.9118,-0.8929,0.9347,,0.942300021648407
100,3,-0.9069,-0.9036,0.9409,,0.942300021648407
1,4,-0.5938,-0.7585,0.8605,0.8604999780654907,0.8604999780654907
2,4,-0.7321,-0.8156,0.8907,0.8636000156402588,0.8636000156402588
3,4,-0.7782,-0.8343,0.902,0.8673999905586243,0.8673999905586243
4,4,-0.7808,-0.8341,0.8999,0.8707000017166138,0.8707000017166138
5,4,-0.7785,-0.8308,0.9042,0.8740000128746033,0.8740000128746033
6,4,-0.8002,-0.8087,0.8833,0.8748999834060669,0.8748999834060669
7,4,-0.8183,-0.8283,0.894,0.876800000667572,0.876800000667572
8,4,-0.8019,-0.8589,0.9177,0.8809000253677368,0.8809000253677368
9,4,-0.8356,-0.8407,0.9082,0.8835999965667725,0.8835999965667725
10,4,-0.846,-0.8189,0.8836,,0.8835999965667725
11,4,-0.8276,-0.8541,0.9149,0.8867999911308289,0.8867999911308289
12,4,-0.857,-0.8779,0.9225,0.8902999758720398,0.8902999758720398
13,4,-0.8591,-0.8859,0.9287,0.8942000269889832,0.8942000269889832
14,4,-0.8568,-0.8777,0.927,0.8974999785423279,0.8974999785423279
15,4,-0.8581,-0.8837,0.9314,0.9009000062942505,0.9009000062942505
16,4,-0.8502,-0.8608,0.9073,0.9014999866485596,0.9014999866485596
17,4,-0.8346,-0.8737,0.9211,0.9035000205039978,0.9035000205039978
18,4,-0.8651,-0.8757,0.9282,0.9059000015258789,0.9059000015258789
19,4,-0.8585,-0.8639,0.9163,0.9070000052452087,0.9070000052452087
20,4,-0.8728,-0.892,0.9351,0.9097999930381775,0.9097999930381775
21,4,-0.8664,-0.8692,0.9262,0.9114000201225281,0.9114000201225281
22,4,-0.8641,-0.8977,0.9363,0.9139000177383423,0.9139000177383423
23,4,-0.8643,-0.8584,0.9138,,0.9139000177383423
24,4,-0.8654,-0.8824,0.9261,0.9150999784469604,0.9150999784469604
25,4,-0.8739,-0.8879,0.9305,0.916700005531311,0.916700005531311
26,4,-0.8755,-0.8653,0.9183,0.9168000221252441,0.9168000221252441
27,4,-0.8701,-0.8901,0.931,0.9182000160217285,0.9182000160217285
28,4,-0.8775,-0.8681,0.918,,0.9182000160217285
29,4,-0.8698,-0.8819,0.9273,0.9190999865531921,0.9190999865531921
30,4,-0.8708,-0.876,0.9257,0.9197999835014343,0.9197999835014343
31,4,-0.8873,-0.9033,0.9384,0.9215999841690063,0.9215999841690063
32,4,-0.8898,-0.9013,0.9387,0.92330002784729,0.92330002784729
33,4,-0.8784,-0.8928,0.9353,0.9244999885559082,0.9244999885559082
34,4,-0.8707,-0.8954,0.939,0.9259999990463257,0.9259999990463257
35,4,-0.8851,-0.8887,0.9325,0.9265999794006348,0.9265999794006348
36,4,-0.8781,-0.8895,0.931,0.9271000027656555,0.9271000027656555
37,4,-0.8843,-0.9073,0.941,0.9284999966621399,0.9284999966621399
38,4,-0.8884,-0.8889,0.9354,0.9291999936103821,0.9291999936103821
39,4,-0.8956,-0.8946,0.9394,0.9301999807357788,0.9301999807357788
40,4,-0.8931,-0.9077,0.9433,0.9315000176429749,0.9315000176429749
41,4,-0.8956,-0.9002,0.9381,0.932200014591217,0.932200014591217
42,4,-0.8868,-0.8907,0.932,,0.932200014591217
43,4,-0.8756,-0.9173,0.9484,0.9337999820709229,0.9337999820709229
44,4,-0.8873,-0.9065,0.9415,0.934499979019165,0.934499979019165
45,4,-0.8939,-0.9044,0.9392,0.9350000023841858,0.9350000023841858
46,4,-0.8943,-0.9047,0.9421,0.935699999332428,0.935699999332428
47,4,-0.8936,-0.8952,0.9348,,0.935699999332428
48,4,-0.886,-0.9,0.9353,,0.935699999332428
49,4,-0.8951,-0.8902,0.9316,,0.935699999332428
50,4,-0.8793,-0.9151,0.9486,0.9365000128746033,0.9365000128746033
51,4,-0.8859,-0.8966,0.9351,,0.9365000128746033
52,4,-0.8929,-0.9038,0.9373,,0.9365000128746033
53,4,-0.8935,-0.9076,0.9419,0.9369999766349792,0.9369999766349792
54,4,-0.8885,-0.9046,0.9404,0.9373000264167786,0.9373000264167786
55,4,-0.8984,-0.8956,0.9346,,0.9373000264167786
56,4,-0.8958,-0.8987,0.9372,,0.9373000264167786
57,4,-0.8879,-0.9042,0.9401,0.9373999834060669,0.9373999834060669
58,4,-0.8883,-0.9023,0.9416,0.9377999901771545,0.9377999901771545
59,4,-0.9007,-0.9016,0.9384,0.9379000067710876,0.9379000067710876
60,4,-0.8926,-0.9093,0.9438,0.9384999871253967,0.9384999871253967
61,4,-0.8958,-0.8969,0.9352,,0.9384999871253967
62,4,-0.8942,-0.9013,0.9369,,0.9384999871253967
63,4,-0.9017,-0.9033,0.9382,,0.9384999871253967
64,4,-0.8941,-0.8996,0.9353,,0.9384999871253967
65,4,-0.8866,-0.9054,0.9443,,0.9384999871253967
66,4,-0.8865,-0.9039,0.9392,0.9384999871253967,0.9384999871253967
67,4,-0.9045,-0.9009,0.9444,0.9391000270843506,0.9391000270843506
68,4,-0.8999,-0.9203,0.9462,0.9398000240325928,0.9398000240325928
69,4,-0.8999,-0.9009,0.9406,0.9398999810218811,0.9398999810218811
70,4,-0.8964,-0.8933,0.9346,,0.9398999810218811
71,4,-0.8981,-0.9043,0.9376,,0.9398999810218811
72,4,-0.898,-0.9255,0.9521,0.940500020980835,0.940500020980835
73,4,-0.9025,-0.9005,0.9422,0.9405999779701233,0.9405999779701233
74,4,-0.8969,-0.8991,0.9373,,0.9405999779701233
75,4,-0.8998,-0.9073,0.9453,0.9408000111579895,0.9408000111579895
76,4,-0.9114,-0.9124,0.9426,0.9409999847412109,0.9409999847412109
77,4,-0.9042,-0.8905,0.9332,,0.9409999847412109
78,4,-0.9049,-0.9161,0.9464,,0.9409999847412109
79,4,-0.9069,-0.9091,0.9437,0.941100001335144,0.941100001335144
80,4,-0.9069,-0.9111,0.9398,,0.941100001335144
81,4,-0.906,-0.9112,0.9431,0.9412000179290771,0.9412000179290771
82,4,-0.9028,-0.9128,0.9491,0.9419999718666077,0.9419999718666077
83,4,-0.9102,-0.9046,0.9402,,0.9419999718666077
84,4,-0.9092,-0.8909,0.9375,,0.9419999718666077
85,4,-0.9087,-0.9073,0.939,,0.9419999718666077
86,4,-0.9047,-0.9085,0.9403,,0.9419999718666077
87,4,-0.9014,-0.9103,0.9411,,0.9419999718666077
88,4,-0.9019,-0.9176,0.946,,0.9419999718666077
89,4,-0.9033,-0.9103,0.9421,,0.9419999718666077
90,4,-0.9087,-0.9127,0.9464,0.9420999884605408,0.9420999884605408
91,4,-0.9022,-0.9173,0.9462,0.9424999952316284,0.9424999952316284
92,4,-0.9074,-0.9115,0.9486,0.9430999755859375,0.9430999755859375
93,4,-0.9127,-0.9123,0.9469,0.9434999823570251,0.9434999823570251
94,4,-0.9092,-0.9109,0.9403,,0.9434999823570251
95,4,-0.9081,-0.9291,0.954,0.9441999793052673,0.9441999793052673
96,4,-0.9109,-0.9214,0.9482,0.944599986076355,0.944599986076355
97,4,-0.9113,-0.9192,0.9471,0.9448999762535095,0.9448999762535095
98,4,-0.9094,-0.9168,0.9439,,0.9448999762535095
99,4,-0.9047,-0.9177,0.9529,0.9455999732017517,0.9455999732017517
100,4,-0.9057,-0.9138,0.9462,0.9456999897956848,0.9456999897956848
1,5,-0.5934,-0.7083,0.8292,0.829200029373169,0.829200029373169
2,5,-0.7596,-0.7747,0.8664,0.8328999876976013,0.8328999876976013
3,5,-0.7774,-0.782,0.8708,0.8367000222206116,0.8367000222206116
4,5,-0.7795,-0.7803,0.8696,0.8399999737739563,0.8399999737739563
5,5,-0.8122,-0.7997,0.8777,0.8438000082969666,0.8438000082969666
6,5,-0.8205,-0.8379,0.9,0.849399983882904,0.849399983882904
7,5,-0.8374,-0.8518,0.9172,0.8561999797821045,0.8561999797821045
8,5,-0.8419,-0.8102,0.8901,0.8596000075340271,0.8596000075340271
9,5,-0.8296,-0.854,0.9147,0.8651000261306763,0.8651000261306763
10,5,-0.8267,-0.8339,0.89,0.8676000237464905,0.8676000237464905
11,5,-0.8321,-0.8313,0.8914,0.8698999881744385,0.8698999881744385
12,5,-0.8243,-0.8018,0.8833,0.8712999820709229,0.8712999820709229
13,5,-0.848,-0.8649,0.9177,0.8758999705314636,0.8758999705314636
14,5,-0.8514,-0.8496,0.9121,0.8794999718666077,0.8794999718666077
15,5,-0.8637,-0.8379,0.9028,0.8819000124931335,0.8819000124931335
16,5,-0.8724,-0.8806,0.9308,0.8867999911308289,0.8867999911308289
17,5,-0.8546,-0.8467,0.9125,0.8892999887466431,0.8892999887466431
18,5,-0.8599,-0.8546,0.9147,0.8919000029563904,0.8919000029563904
19,5,-0.8599,-0.86,0.9196,0.894599974155426,0.894599974155426
20,5,-0.8573,-0.8655,0.9225,0.8974000215530396,0.8974000215530396
21,5,-0.8507,-0.8802,0.9257,0.9003000259399414,0.9003000259399414
22,5,-0.8707,-0.8371,0.8946,,0.9003000259399414
23,5,-0.8721,-0.8482,0.9142,0.901199996471405,0.901199996471405
24,5,-0.881,-0.8944,0.9421,0.9052000045776367,0.9052000045776367
25,5,-0.8784,-0.8932,0.9365,0.9083999991416931,0.9083999991416931
26,5,-0.8717,-0.825,0.8888,,0.9083999991416931
27,5,-0.8738,-0.8765,0.924,,0.9083999991416931
28,5,-0.8693,-0.8234,0.8936,,0.9083999991416931
29,5,-0.8647,-0.8955,0.9363,0.9096999764442444,0.9096999764442444
30,5,-0.8902,-0.854,0.9196,0.9107000231742859,0.9107000231742859
31,5,-0.8732,-0.8713,0.9185,0.9114999771118164,0.9114999771118164
32,5,-0.8908,-0.8654,0.9192,0.9121999740600586,0.9121999740600586
33,5,-0.8695,-0.8796,0.9241,0.9133999943733215,0.9133999943733215
34,5,-0.873,-0.8774,0.9276,0.9147999882698059,0.9147999882698059
35,5,-0.8844,-0.8597,0.9129,,0.9147999882698059
36,5,-0.8846,-0.8929,0.9375,0.9168999791145325,0.9168999791145325
37,5,-0.888,-0.8882,0.9314,0.91839998960495,0.91839998960495
38,5,-0.8933,-0.8685,0.9186,0.91839998960495,0.91839998960495
39,5,-0.887,-0.8972,0.9372,0.9203000068664551,0.9203000068664551
40,5,-0.8937,-0.9009,0.9446,0.9226999878883362,0.9226999878883362
41,5,-0.8874,-0.898,0.9415,0.9246000051498413,0.9246000051498413
42,5,-0.8945,-0.8632,0.92,,0.9246000051498413
43,5,-0.8914,-0.859,0.9066,,0.9246000051498413
44,5,-0.881,-0.8673,0.9132,,0.9246000051498413
45,5,-0.8879,-0.8855,0.9323,,0.9246000051498413
46,5,-0.8753,-0.871,0.919,,0.9246000051498413
47,5,-0.8895,-0.9031,0.94,,0.9246000051498413
48,5,-0.8803,-0.8672,0.9221,,0.9246000051498413
49,5,-0.8798,-0.8967,0.938,0.9251999855041504,0.9251999855041504
50,5,-0.8952,-0.8968,0.9405,0.9266999959945679,0.9266999959945679
51,5,-0.8898,-0.887,0.9356,0.9276000261306763,0.9276000261306763
52,5,-0.8963,-0.8898,0.9302,0.9279000163078308,0.9279000163078308
53,5,-0.8922,-0.8871,0.9301,0.9280999898910522,0.9280999898910522
54,5,-0.896,-0.8826,0.9291,0.9282000064849854,0.9282000064849854
55,5,-0.9016,-0.895,0.9357,0.9290000200271606,0.9290000200271606
56,5,-0.8947,-0.8926,0.9297,0.9290000200271606,0.9290000200271606
57,5,-0.8983,-0.894,0.9343,0.9296000003814697,0.9296000003814697
58,5,-0.9005,-0.8887,0.9355,0.9301999807357788,0.9301999807357788
59,5,-0.8946,-0.8912,0.939,0.9309999942779541,0.9309999942779541
60,5,-0.8959,-0.9067,0.9439,0.9322999715805054,0.9322999715805054
61,5,-0.8955,-0.9023,0.9428,0.9333999752998352,0.9333999752998352
62,5,-0.8975,-0.8895,0.9339,0.9333999752998352,0.9333999752998352
63,5,-0.8889,-0.8969,0.9401,0.9340999722480774,0.9340999722480774
64,5,-0.8947,-0.8724,0.921,,0.9340999722480774
65,5,-0.8891,-0.8968,0.9346,,0.9340999722480774
66,5,-0.8969,-0.8995,0.9403,,0.9340999722480774
67,5,-0.9019,-0.9051,0.9405,0.9344000220298767,0.9344000220298767
68,5,-0.8971,-0.8813,0.9292,,0.9344000220298767
69,5,-0.9006,-0.8856,0.9311,,0.9344000220298767
70,5,-0.9005,-0.8727,0.9238,,0.9344000220298767
71,5,-0.9011,-0.8842,0.93,,0.9344000220298767
72,5,-0.8948,-0.8857,0.9311,,0.9344000220298767
73,5,-0.8955,-0.8911,0.9341,,0.9344000220298767
74,5,-0.9006,-0.8899,0.934,,0.9344000220298767
75,5,-0.8996,-0.8839,0.93,,0.9344000220298767
76,5,-0.9038,-0.9044,0.9414,,0.9344000220298767
77,5,-0.8992,-0.8959,0.9327,,0.9344000220298767
78,5,-0.896,-0.8757,0.9198,,0.9344000220298767
79,5,-0.8998,-0.9246,0.9566,,0.9344000220298767
80,5,-0.9016,-0.8866,0.9291,,0.9344000220298767
81,5,-0.9019,-0.8886,0.931,,0.9344000220298767
82,5,-0.897,-0.9018,0.9382,,0.9344000220298767
83,5,-0.9028,-0.8951,0.9391,0.934499979019165,0.934499979019165
84,5,-0.8999,-0.9087,0.9448,0.9355000257492065,0.9355000257492065
85,5,-0.9099,-0.9045,0.9435,0.9362999796867371,0.9362999796867371
86,5,-0.9026,-0.8967,0.9345,,0.9362999796867371
87,5,-0.9058,-0.8863,0.9306,,0.9362999796867371
88,5,-0.9034,-0.8949,0.9386,,0.9362999796867371
89,5,-0.9088,-0.9132,0.9489,0.9372000098228455,0.9372000098228455
90,5,-0.9051,-0.8902,0.9341,,0.9372000098228455
91,5,-0.9065,-0.9024,0.9442,0.9376000165939331,0.9376000165939331
92,5,-0.9104,-0.908,0.9421,0.9380999803543091,0.9380999803543091
93,5,-0.9095,-0.9043,0.941,0.9383000135421753,0.9383000135421753
94,5,-0.9105,-0.8913,0.937,,0.9383000135421753
95,5,-0.9105,-0.8933,0.9349,,0.9383000135421753
96,5,-0.9063,-0.8851,0.929,,0.9383000135421753
97,5,-0.9039,-0.8998,0.9366,,0.9383000135421753
98,5,-0.906,-0.9019,0.9362,,0.9383000135421753
99,5,-0.9074,-0.8991,0.9405,,0.9383000135421753
100,5,-0.9067,-0.8936,0.9368,,0.9383000135421753
