Comparison,Metric,n_nonfinite_left_cases,n_nonfinite_right_cases,n_both_finite_cases,n_cases,n_finite_cases,n_patients_finite,n_infinite,n_undefined,mean_finite_patient,sd_finite_patient,median_finite_patient,ci95_low,ci95_high
nnunet minus segresnet_baseline,Dice,0,0,1250,1250,1250,1132,0,0,0.011856498857541314,0.03846541560507164,0.007504737787714377,0.009745723567417658,0.014156135537045629
nnunet minus segresnet_baseline,HD95_mm,0,0,1250,1250,1250,1132,0,0,-1.0853493223792825,9.813179588464306,-0.2360679774997898,-1.6583924260129845,-0.5181444569989309
nnunet minus segresnet_baseline,ASSD_mm,0,0,1250,1250,1250,1132,0,0,-0.34108246316422824,2.4196796359520056,-0.10915059725284554,-0.4928771438994701,-0.21331892849323955
nnunet minus segresnet_baseline,SurfaceDice,0,0,1250,1250,1250,1132,0,0,0.021940398987632757,0.053691818690029106,0.015107482671737837,0.01880815324012368,0.02504139465642698
nnunet minus segresnet_baseline,AVD_mL,0,0,1250,1250,1250,1132,0,0,-0.919250441696113,6.292397993747304,-0.41000000000000003,-1.2783007950530034,-0.5610818683745586
nnunet minus unet_baseline,Dice,0,0,1250,1250,1250,1132,0,0,0.027233300706839263,0.06228836007819878,0.01589703049704999,0.023706907944094503,0.030914089596932814
nnunet minus unet_baseline,HD95_mm,0,1,1249,1250,1249,1132,0,1,-2.488067318044397,13.660365997687713,-0.41421356237309515,-3.2765677951272107,-1.6202881186482525
nnunet minus unet_baseline,ASSD_mm,0,1,1249,1250,1249,1132,0,1,-0.5416386519656263,2.4055013375900995,-0.2353626140070968,-0.6898313210983927,-0.39993170145756074
nnunet minus unet_baseline,SurfaceDice,0,0,1250,1250,1250,1132,0,0,0.0521330862100789,0.0801783080868265,0.035524845123291016,0.04742976939277896,0.05686592402215039
nnunet minus unet_baseline,AVD_mL,0,0,1250,1250,1250,1132,0,0,-2.175750441696113,7.950542286096894,-0.9815000000000002,-2.6418381515017666,-1.7094620914310956
segresnet_baseline minus unet_baseline,Dice,0,0,1250,1250,1250,1132,0,0,0.015376801849297949,0.05744593404409286,0.007388929120917098,0.012192909429179992,0.018652624351000787
segresnet_baseline minus unet_baseline,HD95_mm,0,1,1249,1250,1249,1132,0,1,-1.410116139009337,12.19356945092171,-0.2360679774997898,-2.1145937446201137,-0.6786843484519912
segresnet_baseline minus unet_baseline,ASSD_mm,0,1,1249,1250,1249,1132,0,1,-0.20901579964401104,2.8068472828245676,-0.10731558350562032,-0.36566535109369636,-0.04268147739701854
segresnet_baseline minus unet_baseline,SurfaceDice,0,0,1250,1250,1250,1132,0,0,0.03019268722244614,0.07079168425824366,0.018521636724472046,0.026133941413481743,0.03429277122686407
segresnet_baseline minus unet_baseline,AVD_mL,0,0,1250,1250,1250,1132,0,0,-1.2565000000000002,6.991765466633353,-0.4595,-1.6801294169611307,-0.8566782022968199
