Case_ID,Patient_ID,Fold,Model,Evidence,Inference_seconds,GPU_peak_allocated_MiB,Timing_scope,Manifest_SHA256,TP,FP,TN,FN,Dice,IoU,Sensitivity,Precision,Specificity,NPV,Vol_GT_mL,Vol_Pred_mL,Vol_Error_mL,AVD_mL,RVE_percent,Abs_RVE_percent,empty_gt,empty_pred,surface_tolerance_mm,HD95_mm,ASSD_mm,SurfaceDice,Figure_slice_z,Size_group
BraTS-GLI-00493-000,BraTS-GLI-00493,4,segresnet_baseline,heldout_with_persisted_training_manifest,0.3894705781713128,927.89892578125,MONAI_sliding_window_only_after_transfer_FP32_warmup,f67351ece0c762564abc2fda59ffa8c2c05483e5a11fecd2a545f947348fc0da,4250,65800,3549285,30201,0.0813389345556501,0.0423935920838694,0.1233636178920786,0.0606709493219129,0.9817984915983996,0.9915627550994752,34.451,70.05,35.599000000000004,35.599000000000004,103.3322690197672,103.3322690197672,0,0,1.0,42.04521315282164,21.55685001179292,0.0295801218599081,,medium
BraTS-GLI-00753-001,BraTS-GLI-00753,5,segresnet_baseline,heldout_with_persisted_training_manifest,0.3860818082466721,927.58642578125,MONAI_sliding_window_only_after_transfer_FP32_warmup,f67351ece0c762564abc2fda59ffa8c2c05483e5a11fecd2a545f947348fc0da,1814,23804,3622924,994,0.1276296348413424,0.0681647377123102,0.646011396011396,0.0708095870091342,0.9934725046671976,0.9997257112329804,2.8080000000000003,25.618,22.81,22.81,812.3219373219373,812.3219373219373,0,0,1.0,60.49958555625949,28.59785742370855,0.1498164981603622,,small
BraTS-GLI-01364-000,BraTS-GLI-01364,4,segresnet_baseline,heldout_with_persisted_training_manifest,0.2134967362508177,918.22705078125,MONAI_sliding_window_only_after_transfer_FP32_warmup,f67351ece0c762564abc2fda59ffa8c2c05483e5a11fecd2a545f947348fc0da,5308,4035,3190301,44388,0.1798133437219465,0.0987884089259459,0.106809401159047,0.5681258696350209,0.9987368266832292,0.9862775061219178,49.696,9.343,-40.353,40.353,-81.19969414037347,81.19969414037347,0,0,1.0,38.69108424430621,15.418052221057987,0.1389308273792266,,medium
BraTS-GLI-00733-001,BraTS-GLI-00733,2,segresnet_baseline,heldout_with_persisted_training_manifest,0.4038769882172346,928.35205078125,MONAI_sliding_window_only_after_transfer_FP32_warmup,f67351ece0c762564abc2fda59ffa8c2c05483e5a11fecd2a545f947348fc0da,6506,33938,3645414,542,0.2739829866082708,0.1587371297516225,0.9230987514188422,0.1608644051033528,0.9907760931816254,0.9998513421445568,7.048,40.444,33.396,33.396,473.8365493757094,473.8365493757094,0,0,1.0,94.68579588885416,52.24818319555803,0.3269699215888977,,small
BraTS-GLI-01610-000,BraTS-GLI-01610,5,segresnet_baseline,heldout_with_persisted_training_manifest,0.1805957285687327,913.22705078125,MONAI_sliding_window_only_after_transfer_FP32_warmup,f67351ece0c762564abc2fda59ffa8c2c05483e5a11fecd2a545f947348fc0da,17667,74983,2854878,1592,0.3157386805350776,0.187464187941682,0.9173373487720028,0.1906853750674581,0.9744073182994004,0.9994426687484904,19.259,92.65,73.391,73.391,381.0737836855496,381.0737836855496,0,0,1.0,56.462376853972415,28.268217160846817,0.2982821762561798,,medium
BraTS-GLI-01293-000,BraTS-GLI-01293,4,segresnet_baseline,heldout_with_persisted_training_manifest,0.3860140163451433,927.89892578125,MONAI_sliding_window_only_after_transfer_FP32_warmup,f67351ece0c762564abc2fda59ffa8c2c05483e5a11fecd2a545f947348fc0da,26685,4530,3515485,102836,0.3320351383635277,0.1990660271090853,0.2060283660564696,0.8548774627582892,0.9987130736658792,0.9715790832267232,129.52100000000002,31.215,-98.306,98.306,-75.89966105882444,75.89966105882444,0,0,1.0,29.5296461204668,6.758286820323856,0.4949968457221985,,large
BraTS-GLI-01035-000,BraTS-GLI-01035,3,segresnet_baseline,heldout_with_persisted_training_manifest,0.3726802933961153,919.91455078125,MONAI_sliding_window_only_after_transfer_FP32_warmup,f67351ece0c762564abc2fda59ffa8c2c05483e5a11fecd2a545f947348fc0da,2647,7091,3306924,1098,0.3926425869613587,0.2442783314876338,0.7068090787716956,0.2718217293078661,0.9978602993649696,0.9996680795956012,3.745,9.738,5.993,5.993,160.02670226969292,160.02670226969292,0,0,1.0,97.1063849289448,55.70541382755921,0.2616835832595825,,small
BraTS-GLI-00753-000,BraTS-GLI-00753,5,segresnet_baseline,heldout_with_persisted_training_manifest,0.1763092512264847,918.22705078125,MONAI_sliding_window_only_after_transfer_FP32_warmup,f67351ece0c762564abc2fda59ffa8c2c05483e5a11fecd2a545f947348fc0da,4080,7089,3230063,2800,0.4521026095628567,0.2920753096141456,0.5930232558139535,0.365296803652968,0.997810112098536,0.9991338946314768,6.88,11.169,4.289,4.289,62.34011627906977,62.34011627906977,0,0,1.0,22.47220505424423,4.86547118561652,0.4010657370090484,,small
BraTS-GLI-01341-000,BraTS-GLI-01341,2,segresnet_baseline,heldout_with_persisted_training_manifest,0.3881252622231841,935.10205078125,MONAI_sliding_window_only_after_transfer_FP32_warmup,f67351ece0c762564abc2fda59ffa8c2c05483e5a11fecd2a545f947348fc0da,3208,7257,3970715,132,0.4647591452372329,0.3027271869396999,0.9604790419161676,0.3065456282847587,0.9981757035997236,0.9999667577219672,3.34,10.465,7.125,7.125,213.3233532934132,213.3233532934132,0,0,1.0,24.94391011212793,7.958707437376724,0.4973784983158111,,small
BraTS-GLI-01482-000,BraTS-GLI-01482,2,segresnet_baseline,heldout_with_persisted_training_manifest,0.3787867110222578,945.72705078125,MONAI_sliding_window_only_after_transfer_FP32_warmup,f67351ece0c762564abc2fda59ffa8c2c05483e5a11fecd2a545f947348fc0da,20038,35316,4358291,10035,0.4691256862584428,0.3064429797060667,0.6663119741961228,0.3619973262998157,0.9919619574531814,0.9977027813400372,30.073,55.354,25.281,25.281,84.06544076081535,84.06544076081535,0,0,1.0,108.39487992859172,31.06720654935308,0.3277052044868469,,medium
BraTS-GLI-01154-000,BraTS-GLI-01154,1,segresnet_baseline,heldout_with_persisted_training_manifest,0.1766148349270224,918.22705078125,MONAI_sliding_window_only_after_transfer_FP32_warmup,f67351ece0c762564abc2fda59ffa8c2c05483e5a11fecd2a545f947348fc0da,5408,1914,3227207,9503,0.4864840552332118,0.3214264487369985,0.3626852659110723,0.7385960120185742,0.9994072690369918,0.9970639939939012,14.911,7.322,-7.589,7.589,-50.895312185634765,50.895312185634765,0,0,1.0,43.88336787047768,6.225147121467783,0.4223774075508117,,medium
BraTS-GLI-00061-001,BraTS-GLI-00061,2,segresnet_baseline,heldout_with_persisted_training_manifest,0.3703537154942751,935.10205078125,MONAI_sliding_window_only_after_transfer_FP32_warmup,f67351ece0c762564abc2fda59ffa8c2c05483e5a11fecd2a545f947348fc0da,41645,74148,3865364,155,0.5285133222922338,0.3591696277641701,0.996291866028708,0.3596504106465849,0.981178379454105,0.99995990189157,41.8,115.793,73.993,73.993,177.01674641148324,177.01674641148324,0,0,1.0,42.884143010341226,10.33939186033362,0.3825291991233825,,medium
BraTS-GLI-00611-000,BraTS-GLI-00611,2,segresnet_baseline,heldout_with_persisted_training_manifest,0.3730063140392303,919.91455078125,MONAI_sliding_window_only_after_transfer_FP32_warmup,f67351ece0c762564abc2fda59ffa8c2c05483e5a11fecd2a545f947348fc0da,34423,1917,3226375,55045,0.5472307007503497,0.376681074574602,0.3847520901327849,0.9472482113373693,0.9994061875443732,0.983225250044188,89.468,36.34,-53.128,53.128,-59.382125452675815,59.382125452675815,0,0,1.0,36.12478373637688,10.100212164046756,0.3869865238666534,,large
BraTS-GLI-00258-000,BraTS-GLI-00258,5,segresnet_baseline,heldout_with_persisted_training_manifest,0.180590215139091,918.22705078125,MONAI_sliding_window_only_after_transfer_FP32_warmup,f67351ece0c762564abc2fda59ffa8c2c05483e5a11fecd2a545f947348fc0da,19881,32202,3191426,523,0.5485397381599459,0.377922670417823,0.9743677710252892,0.3817176429929151,0.9900106339813404,0.9998361502643056,20.404,52.083,31.679,31.679,155.2587727896491,155.2587727896491,0,0,1.0,14.52583904633395,3.595397511293045,0.4385310113430023,,medium
BraTS-GLI-00732-001,BraTS-GLI-00732,2,segresnet_baseline,heldout_with_persisted_training_manifest,0.3831655904650688,927.89892578125,MONAI_sliding_window_only_after_transfer_FP32_warmup,f67351ece0c762564abc2fda59ffa8c2c05483e5a11fecd2a545f947348fc0da,2228,2976,3643742,590,0.5554724507604089,0.3845357266137383,0.7906316536550745,0.4281322059953881,0.9991839237363568,0.9998381047610372,2.818,5.204,2.386,2.386,84.66997870830376,84.66997870830376,0,0,1.0,66.40067768710611,19.270684651742663,0.5034005045890808,,small
BraTS-GLI-00675-001,BraTS-GLI-00675,2,segresnet_baseline,heldout_with_persisted_training_manifest,0.2137377392500639,924.97705078125,MONAI_sliding_window_only_after_transfer_FP32_warmup,f67351ece0c762564abc2fda59ffa8c2c05483e5a11fecd2a545f947348fc0da,4026,3306,3528549,3063,0.5583524027459954,0.3873015873015873,0.5679221328819297,0.5490998363338789,0.9990639479820096,0.9991326906806296,7.089,7.332,0.243,0.243,3.427845958527296,3.427845958527296,0,0,1.0,94.49497338017834,7.517032201677975,0.4550340473651886,,small
BraTS-GLI-00185-000,BraTS-GLI-00185,5,segresnet_baseline,heldout_with_persisted_training_manifest,0.3558427738025784,927.58642578125,MONAI_sliding_window_only_after_transfer_FP32_warmup,f67351ece0c762564abc2fda59ffa8c2c05483e5a11fecd2a545f947348fc0da,30308,12907,3574117,32204,0.573325640564851,0.4018615998621037,0.4848349116969542,0.701330556519727,0.9964017525391522,0.991070123818706,62.512,43.215,-19.297,19.297,-30.86927309956488,30.86927309956488,0,0,1.0,15.297058540778355,3.358320273797267,0.4529706239700317,,large
BraTS-GLI-01308-000,BraTS-GLI-01308,2,segresnet_baseline,heldout_with_persisted_training_manifest,0.3961180122569203,927.89892578125,MONAI_sliding_window_only_after_transfer_FP32_warmup,f67351ece0c762564abc2fda59ffa8c2c05483e5a11fecd2a545f947348fc0da,5993,8316,3634700,527,0.575447693120169,0.4039498517120518,0.9191717791411044,0.4188273114822838,0.9977172760152576,0.999855029685904,6.5200000000000005,14.309,7.789000000000001,7.789000000000001,119.46319018404908,119.46319018404908,0,0,1.0,76.49117468013338,18.735343476288715,0.4900830686092376,,small
BraTS-GLI-01091-000,BraTS-GLI-01091,3,segresnet_baseline,heldout_with_persisted_training_manifest,0.3846244551241398,927.89892578125,MONAI_sliding_window_only_after_transfer_FP32_warmup,f67351ece0c762564abc2fda59ffa8c2c05483e5a11fecd2a545f947348fc0da,3467,1362,3641384,3323,0.5967811343489112,0.4252944062806673,0.5106038291605302,0.7179540277490164,0.9996261062396335,0.9990882669032106,6.79,4.829,-1.961,1.961,-28.88070692194404,28.88070692194404,0,0,1.0,8.602325267042627,2.11238763035134,0.5631836652755737,,small
BraTS-GLI-00098-000,BraTS-GLI-00098,4,segresnet_baseline,heldout_with_persisted_training_manifest,0.380260931327939,927.89892578125,MONAI_sliding_window_only_after_transfer_FP32_warmup,f67351ece0c762564abc2fda59ffa8c2c05483e5a11fecd2a545f947348fc0da,30787,4298,3579069,35382,0.6081142473383767,0.4368995416294152,0.4652783025283743,0.8774975060567194,0.9988005694086036,0.9902109614987172,66.169,35.085,-31.084,31.084,-46.97668092309088,46.97668092309088,0,0,1.0,38.35817542010479,4.155639330152734,0.4969666302204132,,large
