Model,Size_group,Metric,n_cases,n_finite_cases,n_patients_finite,n_infinite,n_undefined,mean_finite_patient,sd_finite_patient,median_finite_patient,ci95_low,ci95_high
nnunet,all,Dice,1250,1250,1132,0,0,0.9285355376225367,0.07270994769724096,0.9528542303863881,0.9241477011697998,0.9326151682981506
nnunet,all,IoU,1250,1250,1132,0,0,0.8740827621409138,0.10569771748179214,0.9099537636007495,0.8677342451748901,0.8801571710959735
nnunet,all,Sensitivity,1250,1250,1132,0,0,0.9196397484868795,0.09431510361414133,0.9524887141192258,0.9140065405404748,0.9249618878565087
nnunet,all,Precision,1250,1250,1132,0,0,0.9460067651872792,0.07107824028523921,0.9677490414908381,0.9416848351712563,0.949897259540317
nnunet,all,Specificity,1250,1250,1132,0,0,0.9988171213189669,0.0016551162555669065,0.9992651752367969,0.9987151303252411,0.998909587736033
nnunet,all,NPV,1250,1250,1132,0,0,0.9980721667169888,0.0026072702037651914,0.9989188288366435,0.9979216110637071,0.9982182263537793
nnunet,all,HD95_mm,1250,1250,1132,0,0,6.407026998589854,11.027490206550079,2.449489742783178,5.797510690946022,7.072000324453307
nnunet,all,ASSD_mm,1250,1250,1132,0,0,1.152560081470142,1.7105034605807523,0.6971894750499966,1.062292910192209,1.2568467050954404
nnunet,all,SurfaceDice,1250,1250,1132,0,0,0.8761982000136728,0.12745765921942914,0.9232330322265625,0.8686789337441148,0.883513951372658
nnunet,all,RVE_percent,1250,1250,1132,0,0,-2.0132120045550628,14.9003154334589,-1.406180756317098,-2.8259290554534577,-1.1505019138039039
nnunet,all,Abs_RVE_percent,1250,1250,1132,0,0,8.242191207846572,12.641937913650354,4.112816273291781,7.557838107261854,9.022426111122343
nnunet,all,AVD_mL,1250,1250,1132,0,0,6.1659324204947,8.974224366370976,3.2975000000000003,5.6677569456713774,6.68967738515901
nnunet,all,Vol_Error_mL,1250,1250,1132,0,0,-2.657523409893993,10.549776047552797,-1.06175,-3.2576580278268548,-2.0307914421378093
nnunet,all,Inference_seconds,1250,1250,1132,0,0,1.0362629489932051,0.26320004607417713,1.2140830005519092,1.0332615930211482,1.0390181671806538
nnunet,all,GPU_peak_allocated_MiB,1250,1250,1132,0,0,1401.1961320533348,53.76143579131531,1366.9501953125,1400.5224521057344,1401.8129076469072
nnunet,small,Dice,24,24,22,0,0,0.7860935214823914,0.21702766738726642,0.8562962330219428,0.6992639158632761,0.85671855111524
nnunet,small,IoU,24,24,22,0,0,0.6884447686479068,0.23758694652390713,0.7487187504782764,0.5988267925855941,0.7682390200206343
nnunet,small,Sensitivity,24,24,22,0,0,0.854251104730768,0.2390284338376125,0.9422994609906179,0.7424608146397315,0.9371134454294386
nnunet,small,Precision,24,24,22,0,0,0.7739289374196581,0.2462914159724484,0.8633700210999744,0.693253745159166,0.849563001474805
nnunet,small,Specificity,24,24,22,0,0,0.9994891178877375,0.0005723505424451563,0.9996730929395785,0.9992787289408757,0.9996696451605913
nnunet,small,NPV,24,24,22,0,0,0.9997331727377372,0.0004530952065389002,0.9998798388847718,0.9995159838363109,0.9998824797573691
nnunet,small,HD95_mm,24,24,22,0,0,20.26825293555963,30.155448536512957,4.121320343559642,10.392039600466639,31.016824952119947
nnunet,small,ASSD_mm,24,24,22,0,0,3.945553892652097,6.672937801441548,1.3431686903119475,1.8642567075535468,6.499157137704083
nnunet,small,SurfaceDice,24,24,22,0,0,0.7752849505367604,0.2320225303312925,0.817686527967453,0.684970593101091,0.855675367672335
nnunet,small,RVE_percent,24,24,22,0,0,17.915613773123752,53.17410424421193,7.818096558072837,-0.7689786980437766,37.59958616739949
nnunet,small,Abs_RVE_percent,24,24,22,0,0,37.853542693911315,40.77517924879355,26.287107784392163,24.706200701146148,51.981572538311454
nnunet,small,AVD_mL,24,24,22,0,0,2.181840909090909,1.9953812345273514,1.7385,1.520414204545455,2.908897159090909
nnunet,small,Vol_Error_mL,24,24,22,0,0,0.9123863636363637,2.8454479182581225,0.587,-0.160409659090909,1.9494079545454543
nnunet,small,Inference_seconds,24,24,22,0,0,1.0652549011548134,0.25419152237719356,1.218095188261941,1.0447902990478641,1.081868221170523
nnunet,small,GPU_peak_allocated_MiB,24,24,22,0,0,1405.3076393821023,53.59503982889443,1362.66064453125,1402.7095076127484,1407.58857421875
nnunet,medium,Dice,297,297,278,0,0,0.895324974149675,0.0985068080956902,0.9260938116548549,0.8831834117875246,0.906193522899042
nnunet,medium,IoU,297,297,278,0,0,0.8224335561261688,0.13407748047446655,0.862360165837714,0.8061687834278369,0.8371542059139063
nnunet,medium,Sensitivity,297,297,278,0,0,0.8882797611340841,0.12763787079820182,0.939477046902958,0.8724441986837081,0.902877868396104
nnunet,medium,Precision,297,297,278,0,0,0.91831005363042,0.09442443534164556,0.9528541203335426,0.9068263930024142,0.9291524906163188
nnunet,medium,Specificity,297,297,278,0,0,0.999232296747009,0.0014972985330056988,0.9996025169397714,0.9990443378872661,0.9993868720778364
nnunet,medium,NPV,297,297,278,0,0,0.9990457214153117,0.001313588113689009,0.9995024014300953,0.9988824336157154,0.9991862193179757
nnunet,medium,HD95_mm,297,297,278,0,0,9.032254929775343,15.044385947992193,3.1622776601683795,7.372222495829053,10.880952431114514
nnunet,medium,ASSD_mm,297,297,278,0,0,1.5530849597884426,2.4125779427665655,0.7901966005645724,1.2942922178514713,1.8522616529108344
nnunet,medium,SurfaceDice,297,297,278,0,0,0.8443547189771701,0.15292671453001663,0.8993235230445862,0.8261254842386401,0.8612405283698182
nnunet,medium,RVE_percent,297,297,278,0,0,-1.7035604593386144,20.2740022869909,-1.5477156644499748,-4.09585462508566,0.7812711957656919
nnunet,medium,Abs_RVE_percent,297,297,278,0,0,12.727693401350091,16.03438699509612,7.169043959415005,10.951300263611621,14.593927390895214
nnunet,medium,AVD_mL,297,297,278,0,0,3.7976115107913664,5.278900331465078,1.98,3.2137811600719424,4.419479361510792
nnunet,medium,Vol_Error_mL,297,297,278,0,0,-0.6306151079136691,6.4599650462099785,-0.492,-1.4097928057553957,0.1422747302158271
nnunet,medium,Inference_seconds,297,297,278,0,0,1.0118991442212313,0.26585622557697475,1.177459474420175,1.0061816696593078,1.0175271385750926
nnunet,medium,GPU_peak_allocated_MiB,297,297,278,0,0,1403.125807947392,55.133895696340176,1366.9501953125,1401.5095153808593,1404.5278392764303
nnunet,large,Dice,929,929,850,0,0,0.9427962990463106,0.04898968258908851,0.9583184922795974,0.939500063765457,0.9458682503055086
nnunet,large,IoU,929,929,850,0,0,0.8955959411065548,0.0788166718401302,0.9200489778419708,0.8904225436076114,0.9005908233041741
nnunet,large,Sensitivity,929,929,850,0,0,0.9311385347754856,0.07373808926804389,0.9554113565304415,0.9263350157284181,0.9360069917278253
nnunet,large,Precision,929,929,850,0,0,0.9593295284206715,0.04315502801259419,0.9726260833823239,0.956502229948249,0.9621143465828781
nnunet,large,Specificity,929,929,850,0,0,0.9986793548488471,0.0016846290865502882,0.9991140695992153,0.9985621631132179,0.9987860348255249
nnunet,large,NPV,929,929,850,0,0,0.9977285964674129,0.00283473089019136,0.9987141457046586,0.9975386896131584,0.9979186818181973
nnunet,large,HD95_mm,929,929,850,0,0,5.245860880993757,8.359216427552706,2.23606797749979,4.715915615590416,5.83173696679931
nnunet,large,ASSD_mm,929,929,850,0,0,0.960532313739074,1.1128655778066443,0.6554185342521639,0.8920736507130079,1.0352301866567093
nnunet,large,SurfaceDice,929,929,850,0,0,0.8894019487500191,0.11304634342954054,0.9309990704059601,0.8817159005710308,0.896770969062167
nnunet,large,RVE_percent,929,929,850,0,0,-2.7058616201609937,9.340136135884979,-1.41743844435093,-3.331329870131413,-2.0792109366899223
nnunet,large,Abs_RVE_percent,929,929,850,0,0,6.007209022632897,7.65911429188542,3.468427326698487,5.510131368213329,6.499416242515302
nnunet,large,AVD_mL,929,929,850,0,0,6.977692941176471,9.787903599776262,3.6704999999999997,6.330234411764706,7.649784647058822
nnunet,large,Vol_Error_mL,929,929,850,0,0,-3.406911764705882,11.520661865545675,-1.4625,-4.137502176470588,-2.642626294117647
nnunet,large,Inference_seconds,929,929,850,0,0,1.0437243645139695,0.262350795761972,1.2199225802905858,1.0404465219128247,1.0468669077705126
nnunet,large,GPU_peak_allocated_MiB,929,929,850,0,0,1400.601666762408,53.38625019224732,1366.9501953125,1399.841670395795,1401.2767248965993
segresnet_baseline,all,Dice,1250,1250,1132,0,0,0.9166790387649955,0.08267056977511715,0.9427763132413789,0.9115838855551088,0.9212518600708841
segresnet_baseline,all,IoU,1250,1250,1132,0,0,0.8550741940893384,0.1133142733703342,0.8917472488898917,0.8486779258103226,0.8615283176946802
segresnet_baseline,all,Sensitivity,1250,1250,1132,0,0,0.9169544073322636,0.09597398914230933,0.949910328298661,0.9111558067277757,0.9224920843684857
segresnet_baseline,all,Precision,1250,1250,1132,0,0,0.9262294913756776,0.08756863219840137,0.9509205038495886,0.9208273621806258,0.9311436054456321
segresnet_baseline,all,Specificity,1250,1250,1132,0,0,0.9984199439583483,0.001915365295067549,0.9988645357510839,0.9983091548372878,0.9985289157336109
segresnet_baseline,all,NPV,1250,1250,1132,0,0,0.9979144200796529,0.002973088331178411,0.9989099814223661,0.9977428244061293,0.998082327116618
segresnet_baseline,all,HD95_mm,1250,1250,1132,0,0,7.492376320969137,12.778187978316392,3.0,6.753148467188702,8.252384624171759
segresnet_baseline,all,ASSD_mm,1250,1250,1132,0,0,1.4936425446343702,2.9889993308627627,0.8169094789966833,1.3370451137772144,1.6780637072965225
segresnet_baseline,all,SurfaceDice,1250,1250,1132,0,0,0.8542578010260401,0.13295485983132088,0.8963433504104614,0.846824840214737,0.8619547983573901
segresnet_baseline,all,RVE_percent,1250,1250,1132,0,0,0.8989366704437445,25.19777933745029,-0.2164638789040731,-0.470846659493886,2.457116721264774
segresnet_baseline,all,Abs_RVE_percent,1250,1250,1132,0,0,10.081159492195635,23.199368126601765,5.239606961768802,8.860819167351353,11.608158340477571
segresnet_baseline,all,AVD_mL,1250,1250,1132,0,0,7.085182862190813,10.1928201224351,3.9459999999999997,6.482180454946996,7.668388615282686
segresnet_baseline,all,Vol_Error_mL,1250,1250,1132,0,0,-1.8435901060070672,12.256699404995986,-0.172,-2.5504319125441697,-1.1425537654593645
segresnet_baseline,all,Inference_seconds,1250,1250,1132,0,0,0.35569141362135565,0.0711238364196098,0.3783467134926468,0.3515441539015414,0.3595372512602978
segresnet_baseline,all,GPU_peak_allocated_MiB,1250,1250,1132,0,0,929.19958970572,7.891991604926834,927.89892578125,928.7357515045273,929.6674865075641
segresnet_baseline,small,Dice,24,24,22,0,0,0.7253402973222015,0.21539596865234995,0.829889329388384,0.6485249814947421,0.7985831573264159
segresnet_baseline,small,IoU,24,24,22,0,0,0.6086995195775722,0.24170106080227224,0.7095397245603441,0.5248678838058303,0.6906394179007483
segresnet_baseline,small,Sensitivity,24,24,22,0,0,0.86970532173453,0.14516146518765097,0.9264681807174787,0.8079549987555449,0.9209879074252348
segresnet_baseline,small,Precision,24,24,22,0,0,0.666984615254669,0.2503285822004639,0.7313476423426977,0.5753362085756287,0.7498910155553062
segresnet_baseline,small,Specificity,24,24,22,0,0,0.9987157540279871,0.0020311678763000993,0.999457660386073,0.9978651227491466,0.9993480992583169
segresnet_baseline,small,NPV,24,24,22,0,0,0.9997642142413632,0.0002640641804690677,0.9998531859152304,0.9996433692273266,0.9998565247099062
segresnet_baseline,small,HD95_mm,24,24,22,0,0,35.54201890212192,35.41634632079396,24.78759171445151,23.34729813474274,48.600809823936544
segresnet_baseline,small,ASSD_mm,24,24,22,0,0,9.896914794248515,15.350594505773499,3.5873396029395055,4.741295383975238,16.261482948217665
segresnet_baseline,small,SurfaceDice,24,24,22,0,0,0.7060448110780932,0.23296296395507832,0.76922208070755,0.6214502872645178,0.7887199303981932
segresnet_baseline,small,RVE_percent,24,24,22,0,0,75.65320602392318,136.012911488765,22.953183174410448,31.51795265754719,125.57975991193048
segresnet_baseline,small,Abs_RVE_percent,24,24,22,0,0,80.75939653166832,132.90149554902533,27.902240116775026,36.753062409373925,130.3557468748217
segresnet_baseline,small,AVD_mL,24,24,22,0,0,4.1812499999999995,7.279195611875832,1.7995,1.9507380681818178,7.325761363636364
segresnet_baseline,small,Vol_Error_mL,24,24,22,0,0,3.817704545454546,7.485529221770385,1.5525000000000002,1.5185369318181818,6.950841477272727
segresnet_baseline,small,Inference_seconds,24,24,22,0,0,0.3543372089466588,0.06521485150933698,0.3817832828499377,0.32538404680407523,0.3775944586271759
segresnet_baseline,small,GPU_peak_allocated_MiB,24,24,22,0,0,927.0193093039773,5.2354169289324775,927.89892578125,924.9666725852273,928.8848188920455
segresnet_baseline,medium,Dice,297,297,278,0,0,0.8801683944295532,0.10871287728590226,0.9101373194485461,0.8661398815545576,0.892302406198609
segresnet_baseline,medium,IoU,297,297,278,0,0,0.7993071626824267,0.13785501589955074,0.8352426973914842,0.7822349478575479,0.8152784501867919
segresnet_baseline,medium,Sensitivity,297,297,278,0,0,0.8921472452315771,0.12282788492131048,0.9340396153410702,0.8768732921330646,0.9056880929377886
segresnet_baseline,medium,Precision,297,297,278,0,0,0.8844851910147723,0.11654297664639164,0.9132759592722965,0.870625207521702,0.8976833292080437
segresnet_baseline,medium,Specificity,297,297,278,0,0,0.9987889185419372,0.0022384416118152207,0.9993583199822489,0.9984926074173899,0.999032408081479
segresnet_baseline,medium,NPV,297,297,278,0,0,0.9990880505626194,0.0012612948148314211,0.9994954275572563,0.9989222977628197,0.999220109252388
segresnet_baseline,medium,HD95_mm,297,297,278,0,0,10.702605484499525,17.405676624978366,4.123105625617661,8.870898015388738,12.826650900424179
segresnet_baseline,medium,ASSD_mm,297,297,278,0,0,2.0304827590832804,3.652032655719906,1.0058546446061452,1.6377161273713965,2.502173330436333
segresnet_baseline,medium,SurfaceDice,297,297,278,0,0,0.8218602184005243,0.15661556171327348,0.8689952790737152,0.8027603316703718,0.8394859429953031
segresnet_baseline,medium,RVE_percent,297,297,278,0,0,4.001555623143855,31.402802902927398,1.754737154776889,0.6691647939954289,8.081667494991107
segresnet_baseline,medium,Abs_RVE_percent,297,297,278,0,0,15.042213052215866,28.09859738210286,9.00077816842737,12.161375043142266,18.8466834506288
segresnet_baseline,medium,AVD_mL,297,297,278,0,0,4.421431654676259,6.899277028702193,2.466,3.6566504946043166,5.2982501798561135
segresnet_baseline,medium,Vol_Error_mL,297,297,278,0,0,1.0625431654676258,8.084631406568853,0.46699999999999997,0.13102288669064757,2.0343826888489205
segresnet_baseline,medium,Inference_seconds,297,297,278,0,0,0.349798344661944,0.07571161675959037,0.3794134217314422,0.3408070042480215,0.35863040629941834
segresnet_baseline,medium,GPU_peak_allocated_MiB,297,297,278,0,0,928.0594473639838,8.11213616729668,927.89892578125,927.1354499213129,929.0150587342625
segresnet_baseline,large,Dice,929,929,850,0,0,0.9331241485926285,0.054899953641395584,0.9509345980493149,0.9294735199825642,0.9364557885133102
segresnet_baseline,large,IoU,929,929,850,0,0,0.8791368040718462,0.08440145072164504,0.9068378077100077,0.8736548665443676,0.8843005652011107
segresnet_baseline,large,Sensitivity,929,929,850,0,0,0.9263549075993949,0.08194101543104122,0.9549226025758516,0.9207597712850528,0.9314208030021066
segresnet_baseline,large,Precision,929,929,850,0,0,0.9458223612010697,0.04809877789003192,0.9578042454676561,0.9424623155998029,0.9489463055808421
segresnet_baseline,large,Specificity,929,929,850,0,0,0.99829862502489,0.0017815086446588964,0.9987160664226726,0.9981791217434688,0.9984097347669825
segresnet_baseline,large,NPV,929,929,850,0,0,0.9975063250388051,0.0032563267247969685,0.9985385941962477,0.9972825063718348,0.9977148676072076
segresnet_baseline,large,HD95_mm,929,929,850,0,0,5.874996042861924,9.036197203822814,2.8284271247461903,5.287887451370207,6.482039179957613
segresnet_baseline,large,ASSD_mm,929,929,850,0,0,1.132968767757006,1.4352518338121858,0.7697033854048971,1.0459235015950807,1.2338105776374986
segresnet_baseline,large,SurfaceDice,929,929,850,0,0,0.8685712383950458,0.11740314954336842,0.9086506962776184,0.8608199064267033,0.8760984994081014
segresnet_baseline,large,RVE_percent,929,929,850,0,0,-1.761952952153813,10.587493507050445,-0.4853922706137107,-2.464225068347493,-1.0761399257953694
segresnet_baseline,large,Abs_RVE_percent,929,929,850,0,0,6.840990079993965,8.284678518534308,4.417433474189012,6.316566814510585,7.370178849208807
segresnet_baseline,large,AVD_mL,929,929,850,0,0,7.966997058823529,10.93791516974748,4.4719999999999995,7.282297926470588,8.685102205882352
segresnet_baseline,large,Vol_Error_mL,929,929,850,0,0,-2.8811511764705884,13.210042862523576,-0.5740000000000001,-3.7414183823529417,-2.0068442205882357
segresnet_baseline,large,Inference_seconds,929,929,850,0,0,0.3578894267329837,0.06946609723942698,0.3780679155606776,0.35318172725485913,0.36256282317116584
segresnet_baseline,large,GPU_peak_allocated_MiB,929,929,850,0,0,929.6505342371323,7.83566604985556,927.89892578125,929.1034687499999,930.1828216911765
unet_baseline,all,Dice,1250,1250,1132,0,0,0.9013022369156973,0.10413134220492277,0.9330278702196968,0.8949011261120221,0.9070968892719089
unet_baseline,all,IoU,1250,1250,1132,0,0,0.8329818663888074,0.13045642155237402,0.8745494209644797,0.8252476580094353,0.8404218275525733
unet_baseline,all,Sensitivity,1250,1250,1132,0,0,0.9004376071242315,0.12788394577007917,0.9437278136398172,0.8928604175587089,0.9076954920959294
unet_baseline,all,Precision,1250,1249,1132,0,1,0.9188203287852216,0.08089687389686956,0.9405523799549816,0.9141890767506381,0.9232351539430179
unet_baseline,all,Specificity,1250,1250,1132,0,0,0.998173321034134,0.001997919423403184,0.9987047912584193,0.9980589664949783,0.9982834289789916
unet_baseline,all,NPV,1250,1250,1132,0,0,0.9976148496655944,0.0033836780823660855,0.998774759415869,0.997429348646602,0.997803419973029
unet_baseline,all,HD95_mm,1250,1249,1132,1,0,8.885695913820339,14.460044927392719,3.463671741899682,8.059651956721313,9.709653534135606
unet_baseline,all,ASSD_mm,1250,1249,1132,1,0,1.6921758415230403,2.658352966957652,0.9674440511361954,1.540626955691243,1.854899952285628
unet_baseline,all,SurfaceDice,1250,1250,1132,0,0,0.8240651138035939,0.15223502960626217,0.8711530566215515,0.815143813290589,0.8327034802908488
unet_baseline,all,RVE_percent,1250,1250,1132,0,0,-0.9492338447103825,17.8915132313786,0.40801063170646296,-1.9406143806143619,0.03861120936489807
unet_baseline,all,Abs_RVE_percent,1250,1250,1132,0,0,10.810336096815282,14.731595595071902,5.751972638094152,9.970053609368879,11.685532207538095
unet_baseline,all,AVD_mL,1250,1250,1132,0,0,8.341682862190813,11.76002164871695,4.47175,7.65829664310954,9.017442325530036
unet_baseline,all,Vol_Error_mL,1250,1250,1132,0,0,-2.0211280918727916,14.221539637635352,0.245,-2.803863902385159,-1.2271299249116632
unet_baseline,all,Inference_seconds,1250,1250,1132,0,0,0.05430005944923035,0.010438093069580774,0.0584001340903341,0.05368390951059629,0.05488228850504139
unet_baseline,all,GPU_peak_allocated_MiB,1250,1250,1132,0,0,231.73522043396642,7.987658314142111,230.2529296875,231.26422054439044,232.206800739841
unet_baseline,small,Dice,24,24,22,0,0,0.6366847799634454,0.34053223437622926,0.7965039769268677,0.5109659160934401,0.74814100967209
unet_baseline,small,IoU,24,24,22,0,0,0.5450430843098327,0.3243064167509484,0.6622574875787987,0.426973153418962,0.6519963095687651
unet_baseline,small,Sensitivity,24,24,22,0,0,0.6705118484397862,0.3761693323507028,0.878404533031538,0.5323906209840501,0.7999779260438576
unet_baseline,small,Precision,24,23,22,0,1,0.8093427297936799,0.18591430672186515,0.8363689201552793,0.7359072274804059,0.8720644012982963
unet_baseline,small,Specificity,24,24,22,0,0,0.9996130457479627,0.00039981049351025535,0.9997286729251258,0.9994637680058932,0.9997468319595627
unet_baseline,small,NPV,24,24,22,0,0,0.9994381993659825,0.0006968046569520518,0.9997619610648352,0.9991618421849484,0.9996751983979034
unet_baseline,small,HD95_mm,24,23,22,1,0,24.34041880189783,27.414085671047324,10.550226375602989,16.35120809691189,33.124192189063834
unet_baseline,small,ASSD_mm,24,23,22,1,0,6.199550579939412,8.490648748881963,2.746780258492864,3.582343211914402,9.5555075625895
unet_baseline,small,SurfaceDice,24,24,22,0,0,0.6083107288736342,0.3430079384288456,0.7342575788497925,0.4873452195963843,0.7200373943178088
unet_baseline,small,RVE_percent,24,24,22,0,0,-10.091024996819305,55.514606472907765,3.2220529045867567,-30.622841232732636,11.59962689850207
unet_baseline,small,Abs_RVE_percent,24,24,22,0,0,42.33289863933095,36.209641369856755,28.597380048356264,29.327784363081047,56.140692150465604
unet_baseline,small,AVD_mL,24,24,22,0,0,2.592795454545455,2.333896285792387,1.9095000000000002,1.7686482954545457,3.53780625
unet_baseline,small,Vol_Error_mL,24,24,22,0,0,-0.6065227272727274,3.47913724416623,0.28049999999999997,-1.9287278409090909,0.649028409090908
unet_baseline,small,Inference_seconds,24,24,22,0,0,0.054342817451635515,0.008733888593064974,0.058382160030305344,0.050855211561164695,0.05730388544616286
unet_baseline,small,GPU_peak_allocated_MiB,24,24,22,0,0,229.5519353693182,5.367680629193558,230.2529296875,227.44602272727272,231.49392755681816
unet_baseline,medium,Dice,297,297,278,0,0,0.8597176790507695,0.1250169197845384,0.8977474205303164,0.8443117364448764,0.8735466287194378
unet_baseline,medium,IoU,297,297,278,0,0,0.7707062004799303,0.15213958182625323,0.8144663555133647,0.7521650665318143,0.7880521681880074
unet_baseline,medium,Sensitivity,297,297,278,0,0,0.8696805141313262,0.1552987523219542,0.9306836194919292,0.8509384874925738,0.8868028601603446
unet_baseline,medium,Precision,297,297,278,0,0,0.8757572807850401,0.11146686552878962,0.9043315830527667,0.8621019133394944,0.8887916209198424
unet_baseline,medium,Specificity,297,297,278,0,0,0.9987747616551292,0.0017429187618303783,0.9992216364928621,0.9985621148434143,0.9989703485537017
unet_baseline,medium,NPV,297,297,278,0,0,0.9989096752955592,0.0014676471055346339,0.9994220193700284,0.9987247786063495,0.999062813741061
unet_baseline,medium,HD95_mm,297,297,278,0,0,13.884507489828989,19.967370034806372,5.049509756796392,11.64990465504348,16.192316218738554
unet_baseline,medium,ASSD_mm,297,297,278,0,0,2.4371985851526548,3.6229530703272945,1.2840977895787034,2.0389445918083267,2.8721980981129653
unet_baseline,medium,SurfaceDice,297,297,278,0,0,0.7879087384388173,0.17199078402945978,0.8309080302715302,0.7674251499910765,0.8075033177678613
unet_baseline,medium,RVE_percent,297,297,278,0,0,1.8241532065642836,24.45735504082303,1.865890835584279,-1.0707671362628381,4.6105782382557745
unet_baseline,medium,Abs_RVE_percent,297,297,278,0,0,16.377080020553667,19.443991004566335,10.129936585949075,14.227577233920556,18.69128277240044
unet_baseline,medium,AVD_mL,297,297,278,0,0,4.826535971223022,6.4621417279179045,3.0549999999999997,4.141311151079136,5.613881474820143
unet_baseline,medium,Vol_Error_mL,297,297,278,0,0,0.5129892086330936,7.834154011717252,0.51775,-0.4269780125899281,1.4381361510791368
unet_baseline,medium,Inference_seconds,297,297,278,0,0,0.05315688804877421,0.011190842230556313,0.0583843225613236,0.05183776346200289,0.05442710171931874
unet_baseline,medium,GPU_peak_allocated_MiB,297,297,278,0,0,230.5818415580036,8.214107757402203,230.2529296875,229.64860892535972,231.5406320256295
unet_baseline,large,Dice,929,929,850,0,0,0.921064344612092,0.06921054757778103,0.9428373535541762,0.916426981968933,0.9252800630484334
unet_baseline,large,IoU,929,929,850,0,0,0.860071496495103,0.09754354832678629,0.8918564814970393,0.8537834644133762,0.8660307344585427
unet_baseline,large,Sensitivity,929,929,850,0,0,0.9160709307170729,0.09879626549686293,0.9491061723125782,0.9093577572747719,0.9223733252684944
unet_baseline,large,Precision,929,929,850,0,0,0.935439699794653,0.05311074745625143,0.9473753162632741,0.931941735291642,0.9389756190397637
unet_baseline,large,Specificity,929,929,850,0,0,0.9979453789655155,0.0020621788395454852,0.9984178400764755,0.9978105640882272,0.9980756291117515
unet_baseline,large,NPV,929,929,850,0,0,0.9971720498667903,0.0037117905064311314,0.9984400941521725,0.9969254360385341,0.9974039850620959
unet_baseline,large,HD95_mm,929,929,850,0,0,6.872782757834278,10.84739937749699,3.0,6.179739813340408,7.647077829394665
unet_baseline,large,ASSD_mm,929,929,850,0,0,1.3361877568852778,1.6272279206077278,0.8920745204843421,1.238595985314223,1.4543485529364886
unet_baseline,large,SurfaceDice,929,929,850,0,0,0.8410582152534933,0.13284999193935665,0.8840074837207794,0.8324758700706503,0.8493438924200395
unet_baseline,large,RVE_percent,929,929,850,0,0,-1.6151979317838798,13.106270387741468,0.0753659059962807,-2.514811818743866,-0.7864339675094459
unet_baseline,large,Abs_RVE_percent,929,929,850,0,0,8.250780514225033,10.334159789689153,4.89834195414814,7.614890146369726,8.940309839396734
unet_baseline,large,AVD_mL,929,929,850,0,0,9.572942941176471,12.881737961932206,5.463,8.787349735294118,10.433007632352941
unet_baseline,large,Vol_Error_mL,929,929,850,0,0,-2.811288823529411,15.776937334622124,0.08349999999999999,-3.846682235294118,-1.7483134558823532
unet_baseline,large,Inference_seconds,929,929,850,0,0,0.054710787399398005,0.01014085416296169,0.05840481491759415,0.05399355678201429,0.05539629618842697
unet_baseline,large,GPU_peak_allocated_MiB,929,929,850,0,0,232.19344439338235,7.93041594070381,230.2529296875,231.6389508272059,232.73276976102943
